{"cameraMode":{"drawMode":0,"name":"Shaded","section":"Shading Mode"},"sceneLighting":false,"audioPlay":false,"sceneViewState":{"m_AlwaysRefresh":false,"showFog":true,"showSkybox":false,"showFlares":true,"showImageEffects":true,"showParticleSystems":true,"showVisualEffectGraphs":true,"m_FxEnabled":true},"in2DMode":false,"pivot":{"x":11.525030136108399,"y":6.112829685211182,"z":1.7675666809082032},"rotation":{"x":-0.008773649111390114,"y":0.982209324836731,"z":-0.047487158328294757,"w":-0.18147243559360505},"size":8.172444343566895,"orthographic":false}