{"cameraMode":{"drawMode":0,"name":"Shaded","section":"Shading Mode"},"sceneLighting":true,"audioPlay":false,"sceneViewState":{"m_AlwaysRefresh":false,"showFog":true,"showSkybox":true,"showFlares":true,"showImageEffects":true,"showParticleSystems":true,"showVisualEffectGraphs":true,"m_FxEnabled":true},"in2DMode":false,"pivot":{"x":-3.1079583168029787,"y":26.36249542236328,"z":18.660707473754884},"rotation":{"x":-0.006100756581872702,"y":-0.9933013319969177,"z":0.09746498614549637,"w":-0.062057722359895709},"size":21.171754837036134,"orthographic":false}