{"cameraMode":{"drawMode":0,"name":"Shaded","section":"Shading Mode"},"sceneLighting":true,"audioPlay":false,"sceneViewState":{"m_AlwaysRefresh":false,"showFog":true,"showSkybox":true,"showFlares":true,"showImageEffects":true,"showParticleSystems":true,"showVisualEffectGraphs":true,"m_FxEnabled":true},"in2DMode":false,"pivot":{"x":0.06802940368652344,"y":2.1555914878845217,"z":-28.469337463378908},"rotation":{"x":-0.013149150647222996,"y":0.9851937294006348,"z":-0.1461874097585678,"w":-0.08860903978347779},"size":51.35215377807617,"orthographic":false}