{"cameraMode":{"drawMode":0,"name":"Shaded","section":"Shading Mode"},"sceneLighting":true,"audioPlay":false,"sceneViewState":{"m_AlwaysRefresh":false,"showFog":true,"showSkybox":true,"showFlares":true,"showImageEffects":true,"showParticleSystems":true,"showVisualEffectGraphs":true,"m_FxEnabled":true},"in2DMode":false,"pivot":{"x":-2.963543653488159,"y":-0.3632282018661499,"z":12.399322509765625},"rotation":{"x":-0.008773649111390114,"y":0.982209324836731,"z":-0.047487158328294757,"w":-0.18147243559360505},"size":3.9518356323242189,"orthographic":false}